neighbourhood,name,href,img,star_rating,review_count,location,category,price_range
Holland Hill,Bodacious Bar and Bistro,www.yelp.com/biz/bodacious-bar-and-bistro-singapore?osq=Restaurants,https://s3-media0.fl.yelpcdn.com/bphoto/6_Wm-y9Fr_4EvFiSV6PLnQ/348s.jpg,4,5,one-north,"['Cocktail Bars', 'Cafes', 'Gastropubs']",2.0
Holland Hill,timbre+,www.yelp.com/biz/timbre-singapore-2?osq=Restaurants,https://s3-media0.fl.yelpcdn.com/bphoto/c6hhUVJU1MzAlVkMfVPWYA/348s.jpg,3.5,18,one-north,"['Food Court', 'Venues & Event Spaces']",2.0
Holland Hill,Vietnamese - Authentic Vietnamese Cuisine,www.yelp.com/biz/vietnamese-authentic-vietnamese-cuisine-singapore?osq=Restaurants,https://s3-media0.fl.yelpcdn.com/bphoto/1Zj29y2Lkhho5ugz_dIFlw/348s.jpg,4,12,Ghim Moh,['Vietnamese'],1.0
Holland Hill,La Bussola,www.yelp.com/biz/la-bussola-singapore?osq=Restaurants,https://s3-media0.fl.yelpcdn.com/bphoto/APNART9h3wQtqqOCxMRHuw/348s.jpg,4,1,Wessex Estate,"['Vegetarian', 'Italian']",
Holland Hill,Roots One North,www.yelp.com/biz/roots-one-north-singapore?osq=Restaurants,https://s3-media0.fl.yelpcdn.com/bphoto/JVKI7Jx6FRI3ZQU-L8CULw/348s.jpg,4,2,one-north,['Cafes'],
Holland Hill,Gaia Korean Grill + Bar,www.yelp.com/biz/gaia-korean-grill-bar-singapore?osq=Restaurants,https://s3-media0.fl.yelpcdn.com/bphoto/1HDYtnIZJitQ9aTxp2inRA/348s.jpg,5,2,Holland Village,"['Korean', 'Asian Fusion', 'Tapas/Small Plates']",
Holland Hill,Da Paolo Gastronomia - Holland Village,www.yelp.com/biz/da-paolo-gastronomia-holland-village-singapore-2?osq=Restaurants,https://s3-media0.fl.yelpcdn.com/bphoto/jnM6KBMR15P2yT6OAgqnWg/348s.jpg,4,15,Holland Village,"['Italian', 'Patisserie/Cake Shop', 'Pizza']",2.0
Holland Hill,Chuckwagon BBQ & Grill,www.yelp.com/biz/chuckwagon-bbq-and-grill-singapore?osq=Restaurants,https://s3-media0.fl.yelpcdn.com/bphoto/1CWt0HEhmG9vmwQODOHVVg/348s.jpg,4.5,3,Wessex Estate,"['Barbeque', 'Steakhouses']",
Holland Hill,Bread Yard,www.yelp.com/biz/bread-yard-singapore-2?osq=Restaurants,https://s3-media0.fl.yelpcdn.com/bphoto/PN0FGzFITXkYrAFxHUzZzw/348s.jpg,4,9,one-north,"['Bakeries', 'Breakfast & Brunch']",1.0
Holland Hill,Colbar - Colonial Bar,www.yelp.com/biz/colbar-colonial-bar-singapore?osq=Restaurants,https://s3-media0.fl.yelpcdn.com/bphoto/5lovqWoNlrJTlGCzNITJLg/348s.jpg,3.5,17,Wessex Estate,"['Bars', 'Chinese', 'Singaporean']",2.0
Holland Hill,Nakhon Kitchen,www.yelp.com/biz/nakhon-kitchen-singapore-3?osq=Restaurants,https://s3-media0.fl.yelpcdn.com/bphoto/VvNGGOWGD7GvR_bC4WnsyA/348s.jpg,3.5,27,Holland Village,['Thai'],1.0
Holland Hill,Ristorante Pietrasanta,www.yelp.com/biz/ristorante-pietrasanta-singapore-2?osq=Restaurants,https://s3-media0.fl.yelpcdn.com/bphoto/Dp1nYuMhf4EbT2c-TDXdfQ/348s.jpg,4,18,one-north,"['Italian', 'Diners', 'Pizza']",3.0
Holland Hill,Hammee’s,www.yelp.com/biz/hammee-s-singapore?osq=Restaurants,https://s3-media0.fl.yelpcdn.com/bphoto/aw_WIT4htAQLcAc0_LPZNQ/348s.jpg,5,1,Holland Hill,"['Burgers', 'Chicken Wings']",
Holland Hill,Huang Da Fu,www.yelp.com/biz/huang-da-fu-singapore?osq=Restaurants,https://s3-media0.fl.yelpcdn.com/bphoto/r-kTZLJQjKWxZStkbueGTA/348s.jpg,4.5,2,Holland Hill,['Noodles'],
Holland Hill,The Seasons 四季风光,www.yelp.com/biz/the-seasons-%E5%9B%9B%E5%AD%A3%E9%A3%8E%E5%85%89-singapore?osq=Restaurants,https://s3-media0.fl.yelpcdn.com/bphoto/Jv8cNbCfU6tsCnZPC6EagA/348s.jpg,4,1,Holland Village,"['Chinese', 'Thai']",
Holland Hill,Omoomodon,www.yelp.com/biz/omoomodon-singapore?osq=Restaurants,https://s3-media0.fl.yelpcdn.com/bphoto/YYueLjpZv0Ha8y8GheRXtQ/348s.jpg,4,3,$$,"['Japanese', 'Korean']",2.0
Holland Hill,Chi-Bing,www.yelp.com/biz/chi-bing-singapore?osq=Restaurants,https://s3-media0.fl.yelpcdn.com/bphoto/wJv_JflyexvNwVX5I1grCg/348s.jpg,4.5,2,,['Korean'],
Holland Hill,Sanpoutei Ramen,www.yelp.com/biz/sanpoutei-ramen-singapore?osq=Restaurants,https://s3-media0.fl.yelpcdn.com/bphoto/C8irUP8vFRrWj6cWSyFsGA/348s.jpg,4,17,Holland Village,['Ramen'],2.0
Holland Hill,Daehwa Vegetarian,www.yelp.com/biz/daehwa-vegetarian-singapore?osq=Restaurants,https://s3-media0.fl.yelpcdn.com/bphoto/DmLQRwWXBgiXUHA6YaunBg/348s.jpg,4.5,5,one-north,"['Korean', 'Vegetarian']",
Holland Hill,Black Marble,www.yelp.com/biz/black-marble-singapore?osq=Restaurants,https://s3-media0.fl.yelpcdn.com/bphoto/9UvWoRBdQzoreXuidhyAhA/348s.jpg,4,1,Holland Village,['Steakhouses'],
Holland Hill,The Seasons 四季风光,www.yelp.com/biz/the-seasons-%E5%9B%9B%E5%AD%A3%E9%A3%8E%E5%85%89-singapore?osq=Restaurants,https://s3-media0.fl.yelpcdn.com/bphoto/Jv8cNbCfU6tsCnZPC6EagA/348s.jpg,4,1,Holland Village,"['Chinese', 'Thai']",
Holland Hill,Hong Kong Street Chun Kee,www.yelp.com/biz/hong-kong-street-chun-kee-singapore?osq=Restaurants,https://s3-media0.fl.yelpcdn.com/bphoto/7_p-RyDcwHbRBDc6zD7PUw/348s.jpg,4,1,Holland Hill,['Chinese'],2.0
Holland Hill,Sala Thai Kitchen,www.yelp.com/biz/sala-thai-kitchen-singapore?osq=Restaurants,https://s3-media0.fl.yelpcdn.com/bphoto/gwI4z1yoPEuAg2ZlJS5oRg/348s.jpg,4,1,one-north,['Thai'],
Holland Hill,Guangzhou Mian Shi Wanton Noodle,www.yelp.com/biz/guangzhou-mian-shi-wanton-noodle-singapore?osq=Restaurants,https://s3-media0.fl.yelpcdn.com/bphoto/GUXurmGfp1cCqeeuTZ63cg/348s.jpg,4,1,Holland Hill,['Chinese'],1.0
Holland Hill,Beauty In The Pot,www.yelp.com/biz/beauty-in-the-pot-singapore-3?osq=Restaurants,https://s3-media0.fl.yelpcdn.com/bphoto/78zzMZNaG7Hu1Vsg_101jQ/348s.jpg,5,1,,['Hot Pot'],
Holland Hill,Arkadas Cafe,www.yelp.com/biz/arkadas-cafe-singapore?osq=Restaurants,https://s3-media0.fl.yelpcdn.com/bphoto/27XcF-AfQPyOx2hBRzTwYw/348s.jpg,4,12,one-north,['Turkish'],2.0
Holland Hill,Two Chefs Eating Place,www.yelp.com/biz/two-chefs-eating-place-singapore?osq=Restaurants,https://s3-media0.fl.yelpcdn.com/bphoto/qXkom5QW8HCayuI3vsVn1Q/348s.jpg,3.5,17,Holland Hill,['Chinese'],2.0
Holland Hill,Ming Kitchen Seafood Restaurant,www.yelp.com/biz/ming-kitchen-seafood-restaurant-singapore?osq=Restaurants,https://s3-media0.fl.yelpcdn.com/bphoto/F7GXZZqpWqq5W5L-VYebuQ/348s.jpg,2.5,2,Ghim Moh,['Seafood'],1.0
Holland Hill,Greenwitch,www.yelp.com/biz/greenwitch-singapore?osq=Restaurants,https://s3-media0.fl.yelpcdn.com/bphoto/3EDPHdspts0ruplTooCnaA/348s.jpg,5,1,one-north,"['Salad', 'Fast Food', 'Vegetarian']",
Holland Hill,Holland Village Market and Food Centre,www.yelp.com/biz/holland-village-market-and-food-centre-singapore?osq=Restaurants,https://s3-media0.fl.yelpcdn.com/bphoto/z20Mk3e5RWOXd7-vog3PLQ/348s.jpg,3.5,7,Holland Village,['Food Court'],1.0
Holland Hill,Fosters,www.yelp.com/biz/fosters-singapore?osq=Restaurants,https://s3-media0.fl.yelpcdn.com/bphoto/xe7So56nirW6KGdUrzeTgg/348s.jpg,4,12,Holland Village,['Steakhouses'],3.0
Holland Hill,Magic Square,www.yelp.com/biz/magic-square-singapore?osq=Restaurants,https://s3-media0.fl.yelpcdn.com/bphoto/sjUjYA0N8yIdt1scBIUiDw/348s.jpg,4,1,Wessex Estate,['Singaporean'],
Holland Hill,Otto’s Deli Fresh,www.yelp.com/biz/ottos-deli-fresh-singapore?osq=Restaurants,https://s3-media0.fl.yelpcdn.com/bphoto/yQfb8Is77Ij31WKbOd-KGA/348s.jpg,4,3,Holland Village,"['Delis', 'Wine Bars', 'Sandwiches']",
Holland Hill,Hong Kee Porridge,www.yelp.com/biz/hong-kee-porridge-singapore?osq=Restaurants,https://s3-media0.fl.yelpcdn.com/bphoto/qGbshG0Do2-8-ZBGjqeFSw/348s.jpg,5,2,Holland Hill,['Congee'],
Holland Hill,Ghim Moh Market,www.yelp.com/biz/ghim-moh-market-singapore?osq=Restaurants,https://s3-media0.fl.yelpcdn.com/bphoto/s0QyxITIo0Eho8GVk-Rvfw/348s.jpg,4.5,15,Ghim Moh,"['Street Vendors', 'Noodles', 'Vietnamese']",1.0
Holland Hill,Wei Yi Laksa & Prawn Noodle,www.yelp.com/biz/wei-yi-laksa-and-prawn-noodle-singapore?osq=Restaurants,https://s3-media0.fl.yelpcdn.com/bphoto/W-biWf8Lo7PMpa5CgoG5uA/348s.jpg,4.5,4,Tanglin Halt,['Chinese'],1.0
Holland Hill,Margarita’s Dempsey Hill,www.yelp.com/biz/margaritas-dempsey-hill-singapore?osq=Restaurants,https://s3-media0.fl.yelpcdn.com/bphoto/ypbb5xIFL3JqyXv6079lWw/348s.jpg,3.5,28,Dempsey Hill,['Mexican'],3.0
Holland Hill,Cafe O,www.yelp.com/biz/cafe-o-singapore-2?osq=Restaurants,https://s3-media0.fl.yelpcdn.com/bphoto/hBPkRJRHleICBdBBG2K0yg/348s.jpg,3,3,Holland Village,['Cafes'],2.0
Holland Hill,Sixty40,www.yelp.com/biz/sixty40-singapore?osq=Restaurants,https://s3-media0.fl.yelpcdn.com/bphoto/fehjh_mWeI0vbkILepihZw/348s.jpg,3,1,,['Bars'],
Holland Hill,Rollie Olie,www.yelp.com/biz/rollie-olie-singapore?osq=Restaurants,https://s3-media0.fl.yelpcdn.com/bphoto/cm23hawDC00qK2F50ywLfQ/348s.jpg,4,6,$,"['Asian Fusion', 'Sushi Bars']",1.0
Holland Hill,Caveman Food,www.yelp.com/biz/caveman-food-singapore-2?osq=Restaurants,https://s3-media0.fl.yelpcdn.com/bphoto/xwZ6DziX58O0MRRr9AXWMw/348s.jpg,4,1,,"['Gluten-Free', 'Salad']",
Holland Hill,Patissez,www.yelp.com/biz/patissez-singapore-2?osq=Restaurants,https://s3-media0.fl.yelpcdn.com/bphoto/-2DhOqSQ212x7W5Rl2vhSQ/348s.jpg,4,2,Holland Village,['Cafes'],3.0
Holland Hill,Imakatsu,www.yelp.com/biz/imakatsu-singapore-2?osq=Restaurants,https://s3-media0.fl.yelpcdn.com/bphoto/ZRb9zlW4Si4C_PNDFgdb8A/348s.jpg,4,10,$$,['Japanese'],2.0
Holland Hill,Peperoni Pizzeria,www.yelp.com/biz/peperoni-pizzeria-singapore-7?osq=Restaurants,https://s3-media0.fl.yelpcdn.com/bphoto/t3bw-eoMk0_Fagw6Vcmvsw/348s.jpg,4.5,4,one-north,"['Pizza', 'Italian']",2.0
Holland Hill,Kaz Japanese Fusion Sushi,www.yelp.com/biz/kaz-japanese-fusion-sushi-singapore?osq=Restaurants,https://s3-media0.fl.yelpcdn.com/bphoto/5c4N_85q-w5iNSI0M9eQ3w/348s.jpg,5,1,$$,['Japanese'],2.0
Holland Hill,Ikki Izakaya,www.yelp.com/biz/ikki-izakaya-singapore?osq=Restaurants,https://s3-media0.fl.yelpcdn.com/bphoto/T_7DhHpGNRox0x136Mgwiw/348s.jpg,3,3,one-north,"['Izakaya', 'Pubs']",2.0
Holland Hill,Min Jiang At Dempsey,www.yelp.com/biz/min-jiang-at-dempsey-singapore-2?osq=Restaurants,https://s3-media0.fl.yelpcdn.com/bphoto/IobsJFLVN9b7NYxyKuTqSA/348s.jpg,5,2,Dempsey Hill,"['Szechuan', 'Cantonese']",
Holland Hill,Culina,www.yelp.com/biz/culina-singapore-3?osq=Restaurants,https://s3-media0.fl.yelpcdn.com/bphoto/E06jtWhNdaq8r33Wv8RDQg/348s.jpg,4,16,Dempsey Hill,"['Bistros', 'Specialty Food']",3.0
Holland Hill,Tiong Bahru Bakery,www.yelp.com/biz/tiong-bahru-bakery-singapore-5?osq=Restaurants,https://s3-media0.fl.yelpcdn.com/bphoto/Q9q1-4_upvG2lYH7bQUggQ/348s.jpg,3.5,3,Holland Village,"['Bakeries', 'Cafes']",
Holland Hill,Sushi Tei,www.yelp.com/biz/sushi-tei-singapore-27?osq=Restaurants,https://s3-media0.fl.yelpcdn.com/bphoto/YJc8PXInjQKOFI28MVpldw/348s.jpg,3,2,Holland Village,"['Japanese', 'Sushi Bars']",
Holland Hill,Sushi Tei,www.yelp.com/biz/sushi-tei-singapore-27?osq=Restaurants,https://s3-media0.fl.yelpcdn.com/bphoto/YJc8PXInjQKOFI28MVpldw/348s.jpg,3,2,Holland Village,"['Japanese', 'Sushi Bars']",
Holland Hill,UNA at One Rochester,www.yelp.com/biz/una-at-one-rochester-singapore?osq=Restaurants,https://s3-media0.fl.yelpcdn.com/bphoto/klzwm-bXYIIj_sO67bDCbQ/348s.jpg,3.5,4,$$$,"['Mediterranean', 'Tapas/Small Plates', 'Spanish']",3.0
Holland Hill,Pepper Castle,www.yelp.com/biz/pepper-castle-singapore?osq=Restaurants,https://s3-media0.fl.yelpcdn.com/assets/srv0/yelp_styleguide/ec91c6e75078/assets/img/default_avatars/business_medium_square.png,4,5,Holland Village,['Indian'],1.0
Holland Hill,Onaka,www.yelp.com/biz/onaka-singapore?osq=Restaurants,https://s3-media0.fl.yelpcdn.com/bphoto/fjMwA45ltnqXptH-EV9piQ/348s.jpg,4.5,2,Dover,['Salad'],
Holland Hill,Ippudo 一風堂,www.yelp.com/biz/ippudo-%E4%B8%80%E9%A2%A8%E5%A0%82-singapore?osq=Restaurants,https://s3-media0.fl.yelpcdn.com/bphoto/suqC4sB6d-z9iuFfHJ1Blw/348s.jpg,3,1,,['Ramen'],
Holland Hill,Chikuwatei Nishi,www.yelp.com/biz/chikuwatei-nishi-singapore?osq=Restaurants,https://s3-media0.fl.yelpcdn.com/bphoto/F-vt9hWTjhR2YkgitEF2ng/348s.jpg,5,1,$$,"['Sushi Bars', 'Japanese']",2.0
Holland Hill,Chopsuey Cafe,www.yelp.com/biz/chopsuey-cafe-singapore?osq=Restaurants,https://s3-media0.fl.yelpcdn.com/bphoto/Gmgd9K-Mkbu_-Jk4v33N1w/348s.jpg,4,22,Dempsey Hill,"['Dim Sum', 'Bars', 'Cafes']",3.0
Holland Hill,Dempsey Hill,www.yelp.com/biz/dempsey-hill-singapore?osq=Restaurants,https://s3-media0.fl.yelpcdn.com/bphoto/_wQub1OooppZICJwxJOpUQ/348s.jpg,4.5,8,Dempsey Hill,['Seafood'],2.0
Holland Hill,Pontian Wanton Noodles,www.yelp.com/biz/pontian-wanton-noodles-singapore-4?osq=Restaurants,https://s3-media0.fl.yelpcdn.com/bphoto/TmaPf7nWd65yqv-CyaEBDQ/348s.jpg,4.5,5,$,['Chinese'],1.0
Holland Hill,Cha Cha Cha,www.yelp.com/biz/cha-cha-cha-singapore?osq=Restaurants,https://s3-media0.fl.yelpcdn.com/bphoto/LN6JALuiAn1ZzPaGtvQAqQ/348s.jpg,3,22,Holland Village,"['Mexican', 'Tex-Mex']",2.0
Holland Hill,Raj Restaurant,www.yelp.com/biz/raj-restaurant-singapore?osq=Restaurants,https://s3-media0.fl.yelpcdn.com/bphoto/pvX1wRU0MZYxwkDxMfZoBw/348s.jpg,4,12,one-north,"['Indian', 'Vegetarian']",2.0
Holland Hill,Le Shrimp Ramen,www.yelp.com/biz/le-shrimp-ramen-singapore-3?osq=Restaurants,https://s3-media0.fl.yelpcdn.com/bphoto/BvmazhABJWQZZsDVFUj9Yg/348s.jpg,3.5,2,,['Ramen'],
Holland Hill,Fun Toast,www.yelp.com/biz/fun-toast-singapore-10?osq=Restaurants,https://s3-media0.fl.yelpcdn.com/bphoto/VYiGoxUstscjx2Bz0r6Aiw/348s.jpg,5,1,$,"['Coffee & Tea', 'Breakfast & Brunch']",1.0
Holland Hill,Canton Paradise,www.yelp.com/biz/canton-paradise-singapore-3?osq=Restaurants,https://s3-media0.fl.yelpcdn.com/bphoto/4ZSHbleNViP-emnanQYWnQ/348s.jpg,3.5,7,,['Cantonese'],
Holland Hill,Baker & Cook,www.yelp.com/biz/baker-and-cook-singapore-10?osq=Restaurants,https://s3-media0.fl.yelpcdn.com/bphoto/ct1n37Lrsvb5dz6yoxdMNA/348s.jpg,4,2,Holland Village,"['Coffee & Tea', 'Breakfast & Brunch', 'Bakeries']",1.0
Holland Hill,Spice Canteen,www.yelp.com/biz/spice-canteen-singapore?osq=Restaurants,https://s3-media0.fl.yelpcdn.com/bphoto/5VCtaHNTlGGjF0jkQpgU5g/348s.jpg,4,1,one-north,['Malaysian'],2.0
Holland Hill,d’Good Cafe,www.yelp.com/biz/d-good-cafe-singapore?osq=Restaurants,https://s3-media0.fl.yelpcdn.com/bphoto/g84f5xpLyLwJg6U7jYtnFA/348s.jpg,4,31,Holland Village,['Cafes'],2.0
Holland Hill,Park,www.yelp.com/biz/park-singapore-2?osq=Restaurants,https://s3-media0.fl.yelpcdn.com/bphoto/w23P3Mi3jhJA6n35HJ6MsA/348s.jpg,3.5,10,Holland Village,['Gastropubs'],2.0
Holland Hill,Project Açai,www.yelp.com/biz/project-a%C3%A7ai-singapore?osq=Restaurants,https://s3-media0.fl.yelpcdn.com/bphoto/gkdFCWCCcSxzeY7wLP-1Rw/348s.jpg,4.5,6,Holland Village,"['Juice Bars & Smoothies', 'Cafes']",2.0
Holland Hill,Blu Kouzina,www.yelp.com/biz/blu-kouzina-singapore-2?osq=Restaurants,https://s3-media0.fl.yelpcdn.com/bphoto/Y95J1Oj4b82InEO62n73_g/348s.jpg,4.5,24,Dempsey Hill,"['Mediterranean', 'Greek']",3.0
Holland Hill,Yuzu Japanese Restaurant,www.yelp.com/biz/yuzu-japanese-restaurant-holland-village?osq=Restaurants,https://s3-media0.fl.yelpcdn.com/bphoto/198dHJvtI8wI3H2RC1ACoQ/348s.jpg,4.5,2,Holland Village,['Japanese'],4.0
Holland Hill,Eighteen Chefs,www.yelp.com/biz/eighteen-chefs-singapore-10?osq=Restaurants,https://s3-media0.fl.yelpcdn.com/bphoto/7_hgM7_eIQO7bzcCbR584g/348s.jpg,3.5,4,,"['Sandwiches', 'Fast Food', 'Asian Fusion']",
Holland Hill,Green Dot,www.yelp.com/biz/green-dot-singapore-3?osq=Restaurants,https://s3-media0.fl.yelpcdn.com/bphoto/Bpk2f-8p_HBnGdLdNoNg0g/348s.jpg,4,2,,['Asian Fusion'],
Holland Hill,Chuan Kee Boneless Braised Duck,www.yelp.com/biz/chuan-kee-boneless-braised-duck-singapore-2?osq=Restaurants,https://s3-media0.fl.yelpcdn.com/bphoto/n9HZCWmui780GQMMhFZi5g/348s.jpg,4.5,7,Ghim Moh,['Chinese'],1.0
Holland Hill,The Pit Restaurant & Bar,www.yelp.com/biz/the-pit-restaurant-and-bar-singapore?osq=Restaurants,https://s3-media0.fl.yelpcdn.com/bphoto/vr6juKATTy-Lk4nzM-7nYg/348s.jpg,4,6,Holland Village,"['Bars', 'Singaporean']",2.0
Holland Hill,Blu Kouzina,www.yelp.com/biz/blu-kouzina-singapore-2?osq=Restaurants,https://s3-media0.fl.yelpcdn.com/bphoto/Y95J1Oj4b82InEO62n73_g/348s.jpg,4.5,24,Dempsey Hill,"['Mediterranean', 'Greek']",3.0
Holland Hill,Peach garden metropolis,www.yelp.com/biz/peach-garden-metropolis-singapore?osq=Restaurants,https://s3-media0.fl.yelpcdn.com/bphoto/IhfboVRUByM6HF_uzs2bZA/348s.jpg,4,1,one-north,['Chinese'],2.0
Holland Hill,Westlake,www.yelp.com/biz/westlake-singapore?osq=Restaurants,https://s3-media0.fl.yelpcdn.com/bphoto/KYfJG-mc6HZSiE_mFWiMvg/348s.jpg,4,4,Bukit Timah,['Chinese'],2.0
Holland Hill,Char Grill Bar,www.yelp.com/biz/char-grill-bar-singapore-9?osq=Restaurants,https://s3-media0.fl.yelpcdn.com/bphoto/ZQGBqj7Q2ooKmKBBgCT-vA/348s.jpg,4,1,Holland Village,['American (Traditional)'],
Holland Hill,Guzman Y Gomez,www.yelp.com/biz/guzman-y-gomez-singapore-5?osq=Restaurants,https://s3-media0.fl.yelpcdn.com/bphoto/L0rpHsyDVUd_5TK38XmQbg/348s.jpg,3.5,16,$$,"['Mexican', 'Salad', 'American (Traditional)']",2.0
Holland Hill,Cali “Cafe & Bar”,www.yelp.com/biz/cali-cafe-and-bar-singapore?osq=Restaurants,https://s3-media0.fl.yelpcdn.com/bphoto/Q7Sn8GD-1oOkLI9AVw3JPA/348s.jpg,3.5,2,,"['Salad', 'Soup', 'Pizza']",
Holland Hill,Tete-a-Tete Cafe,www.yelp.com/biz/tete-a-tete-cafe-singapore?osq=Restaurants,https://s3-media0.fl.yelpcdn.com/bphoto/xaNXM22oZUzUp61n_o3Sjw/348s.jpg,5,1,one-north,"['Desserts', 'Modern European', 'Sandwiches']",
Holland Hill,PS.Cafe,www.yelp.com/biz/ps-cafe-singapore-8?osq=Restaurants,https://s3-media0.fl.yelpcdn.com/bphoto/SePN61ohNpMZERRfooAPZw/348s.jpg,3.5,66,Dempsey Hill,"['Cafes', 'Bars']",3.0
Holland Hill,The Kitchen,www.yelp.com/biz/the-kitchen-singapore?osq=Restaurants,https://s3-media0.fl.yelpcdn.com/bphoto/sN2F0-iIRSJkSOcqA6gOlg/348s.jpg,4,1,$,['Cafes'],1.0
Holland Hill,Mai Thai Restaurant,www.yelp.com/biz/mai-thai-restaurant-singapore?osq=Restaurants,https://s3-media0.fl.yelpcdn.com/bphoto/oT2eoss2C-M1q_cStZTchg/348s.jpg,3,6,Holland Village,['Thai'],2.0
Holland Hill,Sens Restaurant,www.yelp.com/biz/sens-restaurant-singapore?osq=Restaurants,https://s3-media0.fl.yelpcdn.com/bphoto/xpukQIfa_lXQuPxDyTHV-w/348s.jpg,4,1,Holland Village,['Japanese'],
Holland Hill,Yee Cheong Yuen Noodle Restaurant,www.yelp.com/biz/yee-cheong-yuen-noodle-restaurant-singapore?osq=Restaurants,https://s3-media0.fl.yelpcdn.com/bphoto/lG0WrZ-uY-rc45Ny2WSp4A/348s.jpg,3.5,10,Holland Village,"['Chinese', 'Noodles']",2.0
Holland Hill,Oporto,www.yelp.com/biz/oporto-singapore?osq=Restaurants,https://s3-media0.fl.yelpcdn.com/bphoto/okqrky9gBNELKYf2WUzAvQ/348s.jpg,4.5,2,Holland Village,"['Portuguese', 'Chicken Shop']",
Holland Hill,Huber’s Bistro,www.yelp.com/biz/hubers-bistro-singapore?osq=Restaurants,https://s3-media0.fl.yelpcdn.com/bphoto/YNhJ7sQfdnOw96ZpP-29KA/348s.jpg,3.5,18,Dempsey Hill,['Bistros'],2.0
Holland Hill,Don Quijote,www.yelp.com/biz/don-quijote-singapore?osq=Restaurants,https://s3-media0.fl.yelpcdn.com/bphoto/jqeTVbI3ni4i7P035KcGrg/348s.jpg,3.5,19,Dempsey Hill,"['Spanish', 'Tapas/Small Plates']",3.0
Holland Hill,Drinks & Co,www.yelp.com/biz/drinks-and-co-singapore-2?osq=Restaurants,https://s3-media0.fl.yelpcdn.com/bphoto/CXJJ7rcnQBJnvIbpIog2Gg/348s.jpg,4,1,Holland Village,"['Wine Bars', 'Tapas/Small Plates']",
Holland Hill,i love burger lah!,www.yelp.com/biz/i-love-burger-lah-no-title?osq=Restaurants,https://s3-media0.fl.yelpcdn.com/bphoto/ZDDPW3vRx554MGD5gm0ysg/348s.jpg,3,1,Ghim Moh,['Burgers'],
Holland Hill,Food R Us,www.yelp.com/biz/food-r-us-singapore?osq=Restaurants,https://s3-media0.fl.yelpcdn.com/bphoto/59AmK550puTKWy9n97psQg/348s.jpg,3,6,Bukit Timah,"['Cantonese', 'Seafood']",2.0
Holland Hill,Fatboy’s The Burger Bar,www.yelp.com/biz/fatboys-the-burger-bar-singapore-6?osq=Restaurants,https://s3-media0.fl.yelpcdn.com/bphoto/3pi7Lh9xtpS9Vood0mEtgQ/348s.jpg,3.5,4,Holland Village,"['Burgers', 'Fast Food']",
Holland Hill,Jufeng Garden Kitchen,www.yelp.com/biz/jufeng-garden-kitchen-singapore?osq=Restaurants,https://s3-media0.fl.yelpcdn.com/bphoto/k8ADy-xHBjVjS9nugx4mJg/348s.jpg,3,1,Holland Hill,['Singaporean'],
Holland Hill,Hoshino Coffee,www.yelp.com/biz/hoshino-coffee-singapore-7?osq=Restaurants,https://s3-media0.fl.yelpcdn.com/bphoto/Q4MPdV3phwNmebeQQeFiPw/348s.jpg,5,1,Holland Village,"['Cafes', 'Desserts']",
Holland Hill,Da Paolo Dempsey,www.yelp.com/biz/da-paolo-dempsey-singapore-2?osq=Restaurants,https://s3-media0.fl.yelpcdn.com/bphoto/RJ_74dLpoMXCYe2Ez7B3fA/348s.jpg,2.5,3,Dempsey Hill,"['Italian', 'Bakeries', 'Cafes']",
Holland Hill,McDonald’s,www.yelp.com/biz/mcdonalds-queensway?osq=Restaurants,https://s3-media0.fl.yelpcdn.com/bphoto/oM6TEXCAwRDOv-cKq8eV2g/348s.jpg,3,3,Queenstown,"['Fast Food', 'Burgers']",1.0
Holland Hill,Hai Tang Lor Mee,www.yelp.com/biz/hai-tang-lor-mee-singapore?osq=Restaurants,https://s3-media0.fl.yelpcdn.com/bphoto/ot7ObhUwYfE2ymWCJeEWIA/348s.jpg,5,4,Queenstown,['Chinese'],
Holland Hill,Madrinaa Italiano,www.yelp.com/biz/madrinaa-italiano-singapore?osq=Restaurants,https://s3-media0.fl.yelpcdn.com/bphoto/7EY62Ne2dsbpK0L7vkNh2g/348s.jpg,2.5,6,Holland Village,['Italian'],
Holland Hill,Thyme @Rochester,www.yelp.com/biz/thyme-rochester-singapore?osq=Restaurants,https://s3-media0.fl.yelpcdn.com/bphoto/kw1CRC7zMRyn7ZM7FSl2QQ/348s.jpg,3,1,Dover,['Modern European'],
Holland Hill,Tong Kee Chicken Rice,www.yelp.com/biz/tong-kee-chicken-rice-singapore?osq=Restaurants,https://s3-media0.fl.yelpcdn.com/bphoto/C_3az6tUpa_nepF1nAdVpQ/348s.jpg,5,4,Tanglin Halt,['Chinese'],
Holland Hill,The Dempsey Cookhouse & Bar,www.yelp.com/biz/the-dempsey-cookhouse-and-bar-singapore?osq=Restaurants,https://s3-media0.fl.yelpcdn.com/bphoto/KYaVJ0kFIHnHJkKA6qAz0A/348s.jpg,4,10,Dempsey Hill,['Asian Fusion'],3.0
Holland Hill,Crystal Jade La Mian Xiao Long Bao,www.yelp.com/biz/crystal-jade-la-mian-xiao-long-bao-singapore?osq=Restaurants,https://s3-media0.fl.yelpcdn.com/bphoto/0H7KzBACSJXLx4BV1CzhfQ/348s.jpg,3.5,20,Holland Village,"['Singaporean', 'Chinese']",2.0
Holland Hill,The Daily Cut,www.yelp.com/biz/the-daily-cut-singapore-2?osq=Restaurants,https://s3-media0.fl.yelpcdn.com/bphoto/LXm8Lm_MNux8LEsWIF8fhw/348s.jpg,4,3,one-north,['Salad'],
Holland Hill,Lean Bento,www.yelp.com/biz/lean-bento-singapore-3?osq=Restaurants,https://s3-media0.fl.yelpcdn.com/bphoto/VGeuynJkoUaMtdw9GHMYpw/348s.jpg,4,1,Ghim Moh,"['Asian Fusion', 'Health Markets']",
Holland Hill,British Indian Curry Hut,www.yelp.com/biz/british-indian-curry-hut-singapore?osq=Restaurants,https://s3-media0.fl.yelpcdn.com/bphoto/f8B8JCSuwBhsEsFV1R-DtQ/348s.jpg,4,8,Holland Village,['Indian'],3.0
Holland Hill,Tai Cheong Bakery,www.yelp.com/biz/tai-cheong-bakery-singapore-2?osq=Restaurants,https://s3-media0.fl.yelpcdn.com/bphoto/x6bf7IarTuq1PzOC0Ejp1A/348s.jpg,4.5,3,Holland Village,"['Coffee & Tea', 'Bakeries', 'Cantonese']",
Holland Hill,Yuan Hokkien Fried Prawn Mee,www.yelp.com/biz/yuan-hokkien-fried-prawn-mee-singapore?osq=Restaurants,https://s3-media0.fl.yelpcdn.com/bphoto/V8KAO7_ADMtLdqNQ-orOug/348s.jpg,5,1,Ghim Moh,['Noodles'],
Holland Hill,Enaq The Prata Shop,www.yelp.com/biz/enaq-the-prata-shop-singapore?osq=Restaurants,https://s3-media0.fl.yelpcdn.com/bphoto/MzJ7KcbEf_wLnvMPHCFaKQ/348s.jpg,4.5,4,Ghim Moh,['Indian'],
Holland Hill,Kanpai Izakaya and Bar,www.yelp.com/biz/kanpai-izakaya-and-bar-singapore?osq=Restaurants,https://s3-media0.fl.yelpcdn.com/bphoto/Y9o-5Dh8YcSB2hyg3Iyl7g/348s.jpg,4,1,Holland Village,"['Bars', 'Izakaya']",
Holland Hill,New Lucky Claypot Rice,www.yelp.com/biz/new-lucky-claypot-rice-singapore?osq=Restaurants,https://s3-media0.fl.yelpcdn.com/bphoto/z4Qpy0Aq-R3FH8CKHaRCOQ/348s.jpg,3.5,8,Ghim Moh,['Asian Fusion'],2.0
Holland Hill,Segar Restaurant,www.yelp.com/biz/segar-restaurant-singapore-2?osq=Restaurants,https://s3-media0.fl.yelpcdn.com/bphoto/VMJcgnKoNaXfg4Yy070ZVA/348s.jpg,4,1,,"['Halal', 'Chinese']",
Holland Hill,Jimmy Monkey Cafe & Bar,www.yelp.com/biz/jimmy-monkey-cafe-and-bar-singapore?osq=Restaurants,https://s3-media0.fl.yelpcdn.com/bphoto/fYBHtLqfOSBUJQbmrE9xNw/348s.jpg,3.5,38,one-north,['Cafes'],2.0
Holland Hill,Mac’s Cafe & Bar,www.yelp.com/biz/macs-cafe-and-bar-singapore?osq=Restaurants,https://s3-media0.fl.yelpcdn.com/bphoto/mcNUJzsUXSOGkXE55EHpqg/348s.jpg,4,1,one-north,"['Asian Fusion', 'Indian']",
Holland Hill,Breko Cafe,www.yelp.com/biz/breko-cafe-singapore?osq=Restaurants,https://s3-media0.fl.yelpcdn.com/bphoto/WCovNAP4Eq9kCgX7qf_0SQ/348s.jpg,3.5,16,Holland Village,['Cafes'],1.0
Holland Hill,Sin Kee Famous Cantonese Chicken Rice,www.yelp.com/biz/sin-kee-famous-cantonese-chicken-rice-singapore?osq=Restaurants,https://s3-media0.fl.yelpcdn.com/bphoto/BhYVLDEgd_rDjgpoSl827g/348s.jpg,3.5,3,Ghim Moh,['Cantonese'],1.0
Holland Hill,Hungry Wich’s,www.yelp.com/biz/hungry-wichs-singapore?osq=Restaurants,https://s3-media0.fl.yelpcdn.com/bphoto/1LNEr1n7UvZLoLmyMl97cw/348s.jpg,3,6,one-north,"['Coffee & Tea', 'Sandwiches']",
Holland Hill,Koryo Restaurant,www.yelp.com/biz/koryo-restaurant-singapore?osq=Restaurants,https://s3-media0.fl.yelpcdn.com/bphoto/W6qIms6PV2xLFcXfP24Ipw/348s.jpg,3,6,one-north,['Korean'],2.0
Holland Hill,La Nonna,www.yelp.com/biz/la-nonna-singapore-2?osq=Restaurants,https://s3-media0.fl.yelpcdn.com/bphoto/e8A_DSft8RwWuBqyKAqYWQ/348s.jpg,3,9,Holland Village,['Italian'],2.0
Holland Hill,La Nonna,www.yelp.com/biz/la-nonna-singapore-2?osq=Restaurants,https://s3-media0.fl.yelpcdn.com/bphoto/e8A_DSft8RwWuBqyKAqYWQ/348s.jpg,3,9,Holland Village,['Italian'],2.0
Holland Hill,Saizeriya,www.yelp.com/biz/saizeriya-singapore-11?osq=Restaurants,https://s3-media0.fl.yelpcdn.com/bphoto/5Ug5BO0fUmF5ng50RuHG5A/348s.jpg,4,3,$$,"['Pizza', 'Italian']",2.0
Holland Hill,Xin Wang Hong Kong Cafe,www.yelp.com/biz/xin-wang-hong-kong-cafe-singapore-12?osq=Restaurants,https://s3-media0.fl.yelpcdn.com/bphoto/EOJW-k_nyPCGd203kb6zoA/348s.jpg,3.5,2,Holland Village,['Chinese'],2.0
Holland Hill,Tigerlily,www.yelp.com/biz/tigerlily-singapore?osq=Restaurants,https://s3-media0.fl.yelpcdn.com/bphoto/ub28ge02TB5ewNp0U-Sg6g/348s.jpg,4,1,Dempsey Hill,['Asian Fusion'],2.0
Holland Hill,Cheng Heng Kway Chap And Braised Duck Rice,www.yelp.com/biz/cheng-heng-kway-chap-and-braised-duck-rice-singapore?osq=Restaurants,https://s3-media0.fl.yelpcdn.com/bphoto/BRsoBQMkthhonDdKESprNw/348s.jpg,4.5,2,Ghim Moh,"['Chinese', 'Asian Fusion']",1.0
Holland Hill,Jiu Zhuang,www.yelp.com/biz/jiu-zhuang-singapore?osq=Restaurants,https://s3-media0.fl.yelpcdn.com/bphoto/RCsiKXp5HCsJTdA8jQ3l9A/348s.jpg,4,4,Dempsey Hill,"['Lounges', 'Asian Fusion']",4.0
Holland Hill,Ah Pang Steamboat Seafood,www.yelp.com/biz/ah-pang-steamboat-seafood-singapore?osq=Restaurants,https://s3-media0.fl.yelpcdn.com/bphoto/i5EcafS44kF8IGRe37i02Q/348s.jpg,4,1,Queenstown,"['Street Vendors', 'Seafood', 'Chinese']",1.0
Holland Hill,Rakuichi,www.yelp.com/biz/rakuichi-singapore-2?osq=Restaurants,https://s3-media0.fl.yelpcdn.com/bphoto/L5BtWq4TCIcfIHEaAT3EOA/348s.jpg,4,9,Dempsey Hill,"['Japanese', 'Sushi Bars']",4.0
Holland Hill,Katto,www.yelp.com/biz/katto-singapore?osq=Restaurants,https://s3-media0.fl.yelpcdn.com/bphoto/nDOlTbU11Tv6Qm2PWYBsXA/348s.jpg,3.5,4,one-north,"['Salad', 'Sushi Bars', 'Cafes']",
Holland Hill,Hoodadak,www.yelp.com/biz/hoodadak-singapore?osq=Restaurants,https://s3-media0.fl.yelpcdn.com/bphoto/yvIXOCnLT2ApY9dsIosKYw/348s.jpg,4,1,one-north,['Korean'],
Holland Hill,La Salsa,www.yelp.com/biz/la-salsa-singapore?osq=Restaurants,https://s3-media0.fl.yelpcdn.com/bphoto/jUSw_npuf0nCX7mLJk1RbQ/348s.jpg,3.5,12,Dempsey Hill,['Mexican'],2.0
Holland Hill,Wong Kee Wanton Noodle,www.yelp.com/biz/wong-kee-wanton-noodle-singapore?osq=Restaurants,https://s3-media0.fl.yelpcdn.com/bphoto/pD_HBWm79zVkL0eCR1iyPA/348s.jpg,3.5,4,one-north,"['Chinese', 'Food Stands']",1.0
Holland Hill,Wrap & Roll,www.yelp.com/biz/wrap-and-roll-singapore?osq=Restaurants,https://s3-media0.fl.yelpcdn.com/bphoto/zCsUNsFRGdO0EE3cN2hu4A/348s.jpg,3.5,14,$$,['Vietnamese'],2.0
Holland Hill,Jones the Grocer,www.yelp.com/biz/jones-the-grocer-singapore-3?osq=Restaurants,https://s3-media0.fl.yelpcdn.com/bphoto/r5nxVGjjWTCAOwNn_jTNcg/348s.jpg,3.5,33,Dempsey Hill,"['Coffee & Tea', 'Breakfast & Brunch', 'Grocery']",3.0
Holland Hill,Barossa,www.yelp.com/biz/barossa-singapore-2?osq=Restaurants,https://s3-media0.fl.yelpcdn.com/bphoto/TgJtpVUYR9IixTcO6lOPEg/348s.jpg,3,6,Holland Village,"['Bars', 'Australian']",2.0
Holland Hill,Red Sparrow,www.yelp.com/biz/red-sparrow-singapore?osq=Restaurants,https://s3-media0.fl.yelpcdn.com/bphoto/txtC3rg0ERuE_kVT8njyOg/348s.jpg,1.5,2,Dempsey Hill,['Vietnamese'],
Holland Hill,Master Crab Seafood Restaurant,www.yelp.com/biz/master-crab-seafood-restaurant-singapore-2?osq=Restaurants,https://s3-media0.fl.yelpcdn.com/bphoto/UC767CA9QzSGh8c4Ffd6MQ/348s.jpg,3.5,6,Ghim Moh,['Seafood'],1.0
Holland Hill,2fifteen Kitchen,www.yelp.com/biz/2fifteen-kitchen-singapore?osq=Restaurants,https://s3-media0.fl.yelpcdn.com/bphoto/1TSVnBdsUnYOGkPZZ1yMdg/348s.jpg,3.5,2,,['Singaporean'],
Holland Hill,Jiu Jiang Shao La,www.yelp.com/biz/jiu-jiang-shao-la-singapore?osq=Restaurants,https://s3-media0.fl.yelpcdn.com/bphoto/QdKBYUHhuD7LH_o1vdjuaw/348s.jpg,5,2,Ghim Moh,"['Hawker Centre', 'Chinese']",1.0
Holland Hill,Jumbo Seafood,www.yelp.com/biz/jumbo-seafood-singapore-7?osq=Restaurants,https://s3-media0.fl.yelpcdn.com/bphoto/cHYGNe0sTqSF2z8Gzm0Jjg/348s.jpg,4,40,Dempsey Hill,['Seafood'],3.0
Holland Hill,Haakon Superfoods and Juice,www.yelp.com/biz/haakon-superfoods-and-juice-singapore?osq=Restaurants,https://s3-media0.fl.yelpcdn.com/bphoto/AW7VSbVTjMnySUlpOUuZ_g/348s.jpg,3,4,Holland Village,"['Salad', 'Juice Bars & Smoothies']",
Holland Hill,Sek Tong Gai,www.yelp.com/biz/sek-tong-gai-singapore?osq=Restaurants,https://s3-media0.fl.yelpcdn.com/assets/srv0/yelp_styleguide/ec91c6e75078/assets/img/default_avatars/business_medium_square.png,3.5,2,Tanglin Halt,['Chinese'],
Holland Hill,Soup Restaurant,www.yelp.com/biz/soup-restaurant-singapore-24?osq=Restaurants,https://s3-media0.fl.yelpcdn.com/bphoto/5QQFoGxFNDqkKqcy3HKZ8w/348s.jpg,3,1,Holland Village,['Chinese'],
Holland Hill,% Arabica,www.yelp.com/biz/arabica-singapore-4?osq=Restaurants,https://s3-media0.fl.yelpcdn.com/bphoto/I3UJlMztnzOC31ZE0LSktA/348s.jpg,3,2,Holland Village,['Cafes'],
Holland Hill,Qiji,www.yelp.com/biz/qiji-singapore-3?osq=Restaurants,https://s3-media0.fl.yelpcdn.com/bphoto/0qvayoppj402nCYdcUuBuA/348s.jpg,4,1,,['Cafes'],
Holland Hill,Big Mama,www.yelp.com/biz/big-mama-singapore-2?osq=Restaurants,https://s3-media0.fl.yelpcdn.com/bphoto/lrvdfTUaCKB45T_sJvsiHQ/348s.jpg,3,1,one-north,"['Korean', 'Barbeque']",2.0
Holland Hill,New Road Fishball Noodle,www.yelp.com/biz/new-road-fishball-noodle-singapore?osq=Restaurants,https://s3-media0.fl.yelpcdn.com/assets/srv0/yelp_styleguide/ec91c6e75078/assets/img/default_avatars/business_medium_square.png,4,1,Queenstown,['Singaporean'],1.0
Holland Hill,Tai Chong Coffee Stall,www.yelp.com/biz/tai-chong-coffee-stall-singapore?osq=Restaurants,https://s3-media0.fl.yelpcdn.com/bphoto/iFY1Pgb9rz44APo8DcYOCA/348s.jpg,4,1,Ghim Moh,"['Coffee & Tea', 'Food Stands']",1.0
Holland Hill,5 Senses Bistro,www.yelp.com/biz/5-senses-bistro-singapore?osq=Restaurants,https://s3-media0.fl.yelpcdn.com/bphoto/WRsxj5mKJgd8WpPomLjwDw/348s.jpg,4,2,,['Bistros'],
Holland Hill,Manchurian Club Restaurant & Bar,www.yelp.com/biz/manchurian-club-restaurant-and-bar-singapore?osq=Restaurants,https://s3-media0.fl.yelpcdn.com/bphoto/2YqHedl4cFiabWcy1tnVKQ/348s.jpg,4,1,one-north,"['Chinese', 'Indian', 'Bars']",
Holland Hill,Chang Korean Charcoal BBQ,www.yelp.com/biz/chang-korean-charcoal-bbq-singapore?osq=Restaurants,https://s3-media0.fl.yelpcdn.com/bphoto/toDGABnS2FnFRorziUyY8Q/348s.jpg,3.5,9,Dempsey Hill,['Korean'],2.0
Holland Hill,Gan Yakitori,www.yelp.com/biz/gan-yakitori-singapore?osq=Restaurants,https://s3-media0.fl.yelpcdn.com/bphoto/aEObnauRI9YaYXIeL4jo3A/348s.jpg,4,3,,"['Japanese', 'Barbeque']",
Holland Hill,Muthu’s Curry,www.yelp.com/biz/muthus-curry-singapore-4?osq=Restaurants,https://s3-media0.fl.yelpcdn.com/bphoto/_8RTE-HY29WmmiVLKTgKBg/348s.jpg,4,5,Dempsey Hill,['Indian'],
Holland Hill,Salad Stop!,www.yelp.com/biz/salad-stop-singapore-10?osq=Restaurants,https://s3-media0.fl.yelpcdn.com/bphoto/s-UeGSgJRlxIwQPJkLUw8g/348s.jpg,4,1,Ghim Moh,['Salad'],
Holland Hill,Rumours Bar & Grill,www.yelp.com/biz/rumours-bar-and-grill-singapore?osq=Restaurants,https://s3-media0.fl.yelpcdn.com/bphoto/KlwfiZPUQDwgqvsssjZP6Q/348s.jpg,4.5,2,Holland Village,"['Bars', 'Bistros', 'Burgers']",
Holland Hill,Umi Nami,www.yelp.com/biz/umi-nami-singapore?osq=Restaurants,https://s3-media0.fl.yelpcdn.com/bphoto/ZrWqD_Zog2N3mS5kxyV2Pg/348s.jpg,2,1,Holland Village,['Japanese'],
Holland Hill,Nando’s,www.yelp.com/biz/nandos-singapore-16?osq=Restaurants,https://s3-media0.fl.yelpcdn.com/bphoto/szrtE3Wn4NTwFSgswtc0ag/348s.jpg,2.5,15,$$,"['Chicken Shop', 'Portuguese', 'African']",2.0
Holland Hill,Shin Nichi Japanese Restaurant,www.yelp.com/biz/shin-nichi-japanese-restaurant-singapore?osq=Restaurants,https://s3-media0.fl.yelpcdn.com/bphoto/BcmfbgxDSj4XsbIuCIo0lA/348s.jpg,3.5,4,one-north,['Japanese'],2.0
Holland Hill,Morganfield’s,www.yelp.com/biz/morganfields-singapore?osq=Restaurants,https://s3-media0.fl.yelpcdn.com/bphoto/E7dchU7ga53Z7DgRxwvB6Q/348s.jpg,3,17,$$,"['Steakhouses', 'Barbeque', 'Bars']",2.0
Holland Hill,Baden Restaurant & Pub,www.yelp.com/biz/baden-restaurant-and-pub-singapore?osq=Restaurants,https://s3-media0.fl.yelpcdn.com/bphoto/4eyK7e1ALT4h_GXFB5drdQ/348s.jpg,3,4,Holland Village,"['Singaporean', 'Pubs']",
